{
  "severe-illness-claim": {
    "x": -722.1900005677498,
    "y": 352.5121678402138
  },
  "waiting-period": {
    "x": -430.6805081841669,
    "y": -25.69552337605296
  },
  "death-claim": {
    "x": 1700.4432932285672,
    "y": 100.26548084295382
  },
  "cover-amount": {
    "x": -1513.0772163248957,
    "y": 1396.9000274171808
  },
  "omp-functional-impairment": {
    "x": -1109.659190197537,
    "y": 563.197633013633
  },
  "beneficiary": {
    "x": -1164.2649222331743,
    "y": 196.4851984049535
  },
  "grace-period": {
    "x": 597.1040505092947,
    "y": 1576.1040723236692
  },
  "disability-claim": {
    "x": -1436.498634357551,
    "y": 39.67217192641158
  },
  "financial-planning": {
    "x": 2054.822922464674,
    "y": 948.4177464097806
  },
  "investment-plans": {
    "x": 2934.8914465314338,
    "y": 310.7942378880132
  },
  "investment-management": {
    "x": 2252.504355212169,
    "y": 458.63005022599555
  },
  "retirement-funds": {
    "x": 2457.137587663614,
    "y": 48.874994537592556
  },
  "unit-trusts": {
    "x": 1601.2544434076335,
    "y": -275.7726285057706
  },
  "kpf-life": {
    "x": 604.5192479786004,
    "y": 1044.6246779747119
  },
  "omp-future-life": {
    "x": -24.927836821952383,
    "y": 1076.747706981159
  },
  "group-funeral": {
    "x": 2128.772561684728,
    "y": 1439.1663044818033
  },
  "group-life-assurance": {
    "x": 1107.056508854574,
    "y": 1358.2736886919472
  },
  "policy-owner": {
    "x": -697.1931448947394,
    "y": 633.0664467039122
  },
  "omp-severe-illness": {
    "x": -248.81018909533884,
    "y": 517.807019974159
  },
  "kpf-business-contingency": {
    "x": 240.77567310315646,
    "y": 1952.2040340301564
  },
  "group-income-protection": {
    "x": 27.80926934636898,
    "y": 111.33044489496547
  },
  "omp-accidental-disability-death": {
    "x": -166.8297308898264,
    "y": -209.1208620385803
  },
  "kpf-funeral": {
    "x": 1173.7424177198768,
    "y": 1920.5932284448531
  },
  "motor-insurance": {
    "x": 1381.8192257872388,
    "y": 545.4030065240632
  },
  "omp-disability-income": {
    "x": -318.1516141942003,
    "y": -559.5596698244348
  },
  "exclusions": {
    "x": 1738.2009338006847,
    "y": 1305.916614476648
  },
  "general-claim": {
    "x": 433.1069823213511,
    "y": -397.03821650577174
  },
  "kpf-retrenchment": {
    "x": 147.64625451235202,
    "y": 1590.6458307078567
  },
  "credit-assurance": {
    "x": 1048.2619681514248,
    "y": 261.6852397131746
  },
  "kpf-business-life": {
    "x": 767.0895530618345,
    "y": 1243.6021920505293
  },
  "property-insurance": {
    "x": 299.374484495199,
    "y": 634.7183628824305
  },
  "medical-aid": {
    "x": 891.7154549552165,
    "y": -162.53524347217854
  },
  "kpf-business-buy-sell": {
    "x": -306.2757161748393,
    "y": 1506.2464220839618
  },
  "omp-extended-funeral": {
    "x": 1580.4661189683954,
    "y": 799.1881423901082
  },
  "education-plans": {
    "x": 2772.599086043978,
    "y": 1076.9316770554399
  },
  "retirement-planning": {
    "x": 2895.910942030603,
    "y": -50.62466266442016
  },
  "wealth-planning": {
    "x": 2525.477973013624,
    "y": -447.79349953843894
  },
  "education-planning": {
    "x": 2843.278600026044,
    "y": 615.1685333105299
  },
  "financial-advisory": {
    "x": 2169.8187349387836,
    "y": 119.39171372540636
  },
  "alternative-investments": {
    "x": 1865.9818407727962,
    "y": 465.0373673420054
  },
  "financial-adviser": {
    "x": 2130.008874911259,
    "y": -247.5959837750911
  },
  "debt-management": {
    "x": 2382.5416770565635,
    "y": 1229.9801906052026
  },
  "pre-existing-conditions": {
    "x": 80.8522850356876,
    "y": 315.0878416674992
  },
  "personal-accident": {
    "x": 1111.9544288745064,
    "y": -274.59552608451077
  },
  "omp-last-survivor": {
    "x": 363.9679688081375,
    "y": 205.71537595436007
  },
  "employer": {
    "x": 1336.9030111891402,
    "y": -477.36680028716216
  },
  "kpf-future-life": {
    "x": 173.71501964681,
    "y": 1249.6173258618364
  },
  "household-contents": {
    "x": 534.6914628309202,
    "y": 13.220261258754817
  },
  "insured-person": {
    "x": -641.7725172897044,
    "y": -262.9206851277704
  },
  "premium": {
    "x": 798.0757446289062,
    "y": 483.9747619628906
  },
  "replacement-owner": {
    "x": -162.1845282921272,
    "y": 892.2556351406047
  },
  "employee": {
    "x": 865.7765185932035,
    "y": 1682.5999625999505
  },
  "business-financial-planning": {
    "x": 1767.4159594859807,
    "y": 980.2897498044613
  }
}